{"cameraMode":{"drawMode":0,"name":"Shaded","section":"Shading Mode"},"sceneLighting":true,"audioPlay":false,"sceneViewState":{"showFog":true,"showMaterialUpdate":false,"showSkybox":true,"showFlares":true,"showImageEffects":true,"showParticleSystems":true},"in2DMode":false,"pivot":{"x":-21.364938735961915,"y":-2.3112010955810549,"z":31.863361358642579},"rotation":{"x":-0.10562735795974732,"y":0.34361031651496889,"z":-0.038926295936107638,"w":-0.9323498606681824},"size":59.03813171386719,"orthographic":false}