{"cameraMode":{"drawMode":0,"name":"Shaded","section":"Shading Mode"},"sceneLighting":true,"audioPlay":false,"sceneViewState":{"showFog":true,"showMaterialUpdate":false,"showSkybox":true,"showFlares":true,"showImageEffects":true,"showParticleSystems":true},"in2DMode":false,"pivot":{"x":-10.375953674316407,"y":-16.82248306274414,"z":114.03166198730469},"rotation":{"x":0.1513720154762268,"y":-0.22271090745925904,"z":0.035018399357795718,"w":0.9624319672584534},"size":88.94255828857422,"orthographic":false}